,Year,Name,Total
0,1964,AFGHANISTAN,229
1,1964,ALBANIA,550
2,1964,ALGERIA,1541
3,1964,ANGOLA,334
4,1964,ANTIGUA & BARBUDA,25
5,1964,ARGENTINA,15197
6,1964,AUSTRALIA,29719
7,1964,AUSTRIA,10620
8,1964,BAHAMAS,296
9,1964,BAHRAIN,436
10,1964,BARBADOS,49
11,1964,BELGIUM,28269
12,1964,BELIZE,23
13,1964,BENIN,39
14,1964,BERMUDA,55
15,1964,BRAZIL,15472
16,1964,BRITISH VIRGIN ISLANDS,2
17,1964,BRUNEI,93
18,1964,BULGARIA,11689
19,1964,BURKINA FASO,30
20,1964,BURUNDI,13
21,1964,CAMBODIA,93
22,1964,CANADA,64849
23,1964,CAPE VERDE,8
24,1964,CAYMAN ISLANDS,3
25,1964,CENTRAL AFRICAN REP.,20
26,1964,CHAD,27
27,1964,CHILE,4779
28,1964,CHINA,119150
29,1964,COLOMBIA,5920
30,1964,COMOROS,3
31,1964,CONGO,73
32,1964,COSTA RICA,184
33,1964,c�te d'ivoire,208
34,1964,CUBA,3898
35,1964,N. CYPRUS,273
36,1964,CZECHIA,45183
37,1964,NORTH KOREA,9724
38,1964,DEM. REP. CONGO,539
39,1964,VIETNAM,2105
40,1964,DENMARK,11778
41,1964,DJIBOUTI,23
42,1964,DOMINICA,4
43,1964,DOMINICAN REP.,477
44,1964,PAKISTAN,5191
45,1964,ECUADOR,585
46,1964,EGYPT,6960
47,1964,EL SALVADOR,336
48,1964,EQ. GUINEA,7
49,1964,ETHIOPIA,111
50,1964,FAEROE ISLANDS,33
51,1964,FALKLAND IS.,3
52,1964,GERMANY,178232
53,1964,FIJI,116
54,1964,FINLAND,6232
55,1964,YEMEN,964
56,1964,GERMANY,86254
57,1964,FORMER PANAMA CANAL ZONE,216
58,1964,YEMEN,27
59,1964,FRANCE,94165
60,1964,FRENCH GUIANA,8
61,1964,FRENCH POLYNESIA,18
62,1964,GABON,52
63,1964,GAMBIA,8
64,1964,GHANA,450
65,1964,GIBRALTAR,15
66,1964,GREECE,3606
67,1964,GREENLAND,86
68,1964,GRENADA,6
69,1964,GUADELOUPE,59
70,1964,GUATEMALA,483
71,1964,GUINEA,191
72,1964,GUINEA-BISSAU,16
73,1964,GUYANA,177
74,1964,HAITI,82
75,1964,HONDURAS,197
76,1964,HONG KONG,1152
77,1964,HUNGARY,17017
78,1964,ICELAND,357
79,1964,INDIA,41082
80,1964,INDONESIA,6107
81,1964,IRAQ,2475
82,1964,IRELAND,3881
83,1964,IRAN,12970
84,1964,ISRAEL,2495
85,1964,ITALY,47984
86,1964,JAMAICA,1109
87,1964,JAPAN,97987
88,1964,JORDAN,339
89,1964,KENYA,771
90,1964,KIRIBATI,5
91,1964,KUWAIT,6909
92,1964,LAOS,47
93,1964,LEBANON,891
94,1964,LIBERIA,132
95,1964,LIBYA,181
96,1964,LUXEMBOURG,3356
97,1964,MACAU,35
98,1964,MADAGASCAR,132
99,1964,MALAWI,90
100,1964,MALI,48
101,1964,MALTA,136
102,1964,MARTINIQUE,64
103,1964,MAURITANIA,32
104,1964,MAURITIUS,84
105,1964,MEXICO,20256
106,1964,MONGOLIA,558
107,1964,MONTSERRAT,2
108,1964,MOROCCO,1206
109,1964,MOZAMBIQUE,584
110,1964,MYANMAR,780
111,1964,NAURU,8
112,1964,NEPAL,41
113,1964,NETHERLAND ANTILLES AND ARUBA,3229
114,1964,NETHERLANDS,26416
115,1964,NEW CALEDONIA,300
116,1964,NEW ZEALAND,3574
117,1964,NICARAGUA,259
118,1964,NIGER,26
119,1964,NIGERIA,1984
120,1964,NORWAY,4415
121,1964,OMAN,3
122,1964,PACIFIC ISLANDS (PALAU),16
123,1964,PANAMA,339
124,1964,PAPUA NEW GUINEA,73
125,1964,PARAGUAY,118
126,1964,PENINSULAR MALAYSIA,1752
127,1964,PERU,3345
128,1964,PHILIPPINES,3501
129,1964,BOLIVIA,404
130,1964,POLAND,66298
131,1964,PORTUGAL,3006
132,1964,QATAR,1711
133,1964,CAMEROON,92
134,1964,SOUTH KOREA,6059
135,1964,REPUBLIC OF SOUTH VIETNAM,1113
136,1964,REUNION,34
137,1964,ROMANIA,19666
138,1964,RWANDA,10
139,1964,RYUKYU ISLANDS,125
140,1964,SABAH,58
141,1964,SAINT LUCIA,6
142,1964,SAMOA,7
143,1964,SAO TOME & PRINCIPE,3
144,1964,SARAWAK,210
145,1964,SAUDI ARABIA,1922
146,1964,SENEGAL,252
147,1964,SEYCHELLES,2
148,1964,SIERRA LEONE,83
149,1964,SINGAPORE,1010
150,1964,SOLOMON IS.,5
151,1964,SOMALIA,37
152,1964,SOUTH AFRICA,32631
153,1964,SPAIN,17565
154,1964,SRI LANKA,620
155,1964,ST. KITTS-NEVIS-ANGUILLA,5
156,1964,ST. PIERRE & MIQUELON,13
157,1964,ST. VINCENT & THE GRENADINES,5
158,1964,SUDAN,507
159,1964,SURINAME,165
160,1964,ESWATINI,3
161,1964,SWEDEN,16480
162,1964,SWITZERLAND,7681
163,1964,SYRIA,1191
164,1964,TAIWAN,4617
165,1964,TANGANYIKA,274
166,1964,THAILAND,2040
167,1964,TOGO,36
168,1964,TONGA,3
169,1964,TRINIDAD AND TOBAGO,1035
170,1964,TUNISIA,752
171,1964,TURKEY,7182
172,1964,UGANDA,134
173,1964,UNITED ARAB EMIRATES,5
174,1964,UNITED KINGDOM,165900
175,1964,UNITED STATES OF AMERICA,887918
176,1964,URUGUAY,1243
177,1964,RUSSIA,487675
178,1964,UKRAINE,487675
179,1964,GEORGIA,487675
180,1964,BELARUS,487675
181,1964,UZBEKISTAN,487675
182,1964,ARMENIA,487675
183,1964,AZERBAIJAN,487675
184,1964,KAZAKHSTAN,487675
185,1964,KYRGYZSTAN,487675
186,1964,MOLDOVA,487675
187,1964,TURKMENISTAN,487675
188,1964,TAJIKISTAN,487675
189,1964,LATVIA,487675
190,1964,LITHUANIA,487675
191,1964,ESTONIA,487675
192,1964,VANUATU,17
193,1964,VENEZUELA,15436
194,1964,CROATIA,12944
195,1964,KOSOVO,12944
196,1964,MONTENEGRO,12944
197,1964,MACEDONIA,12944
198,1964,SLOVENIA,12944
199,1964,SERBIA,12944
200,1964,ZAMBIA,894
201,1964,ZANZIBAR,8
202,1964,ZIMBABWE,1220
